"id","title","release_year","duration","genre","director","screenwriter","actors","description","horizontal_poster_url","vertical_poster_url","country","rating","tmdb_id","reviews","created_at"
1,"Мир в огне",2025,105,"фантастика, боевик, комедия","Джей Джей Перри","Нимрод Антал, Matt Johnson","Дейв Батиста, Ольга Куриленко, Кристофер Хивью, Сэмюэл Л. Джексон, Дэниел Бернхардт","После того как мощная солнечная вспышка уничтожила восточное полушарие Земли, охотник за сокровищами отправляется в Европу, чтобы найти «Мону Лизу». Вскоре он осознаёт, что его ждёт более важная миссия, чем поиск картины.","https://image.tmdb.org/t/p/w780/kHOfxq7cMTXyLbj0UmdoGhT540O.jpg","https://image.tmdb.org/t/p/w780/xBWKgEDlXGrFAvjVzCUcPmw8kHk.jpg","Соединенные Штаты Америки","6.786",507244,"","2025-11-02 16:24:46.514115"
2,"Война миров",2025,91,"фантастика, триллер","Рич Ли","Марк Хайман, Kenny Golde","О'Ши 'Айс Кьюб' Джексон, Ева Лонгория, Кларк Грегг, Иман Бенсон, Генри Хантер Холл","Скринлайф-экранизация романа «Война миров» Герберта Уэллса. Землю атакуют агрессивные пришельцы, использующие гигантских роботов с щупальцами. Людям предстоит бороться за выживание и попытаться дать отпор захватчикам. Фильм затронет темы слежки и конфиденциальности.","https://image.tmdb.org/t/p/w780/iZLqwEwUViJdSkGVjePGhxYzbDb.jpg","https://image.tmdb.org/t/p/w780/12dBX2CibQ0CXAJfIRBqOY6ac3h.jpg","Соединенные Штаты Америки","4.3",755898,"По правде говоря, сделать новую 'Война миров' в жанре 'скринлайф' - идея, у которой был шанс на успех. Оригинальный роман Герберта Уэллса написан от первого лица безымянного героя, а Орсон Уэллс в своей легендарной радиопостановке и вовсе вёл рассказ в настоящем времени. Это позволяло добиться максимального эффекта присутствия и ощутить на себе, какого это, стать свидетелем атаки пришельцев. Любая псевдодокументалистика как нельзя кстати подходит для такого материала. Но вот реализация этой идеи не то что оставляет желать лучшего, она заставляет задуматься о том, что лучше бы люди, снявшие этот фильм, до неё не додумались вовсе.

Фильм, который должен был максимально погрузить в происходящее в итоге весь просмотр убеждает тебя в том, что всё это нереально. Как будто какой-то неуклюжий этюд первокурсников в Зум, который те делали на карантине. Эффекты раздражающе плохие и напоминают о работе Асайлум, монтаж рваный и несётся с какой-то ненормальной скоростью, сюжет про пришельцев, умеющих пожирать информацию (не спрашивайте, я сам не понял, чего хотели сказать сценаристы, ну или что они нюхали перед написанием) бред полнейший и максимально неловко пытается в актуальное. Ну и игра актёров максимально не убедительно, как будто не пришельцы напали, и скидки в супермаркетах. Но особенно неубедителен Айс Кьюб, на котором строилась рекламная компания.

Понимаете, когда речь идёт о фильме, где всё действие происходит на экране монитора и мы должны лицезреть лицо главного героя, актёр должен быть максимально убедителен и органичен, как пример Том Харди в фильме 'Лок'. А если учесть тот факт, что это псевдодокументалистика, то требования возрастают вдвойне. И Айс Кьюб явно не тот человек, который способен на органичную игру. Весь просмотр он был больше похож не на аналитика службы безопасности, а на летсплейщика с Ютуба, который вынужден на публику показывать гиперболизированные реакции на видеоигру. Понятно, почему интернет так смеётся над его исполнением, он почти в каждом кадре вызывает смех, выбирая эмоцию (вернее сказать, гримасу), совершенно не подходящую моменту.

И да, поскольку это фильм Тимура Бекмамбетова под продюсерством его компании Базилевс, вы можете ожидать тонну рекламы. Без шуток, главным элементом для спасения героев в распоследний момент оказывается доставка Амазон, на этом строится ВСЯ КУЛЬМИНАЦИЯ. На фоне рекламы майонеза в Иронии Судьбы и Аэрофлота в Ёлках это прям настоящее развитие, разве что назад. Рекламы здесь прям очень много, причём порой на пол экрана.

Понятно, почему фильм настолько завирусился в интернете. Этот тот тип плохого кино, над которым можно как следует посмеяться. Из-за того, что буквально всё здесь работает не так, как задумывали авторы. Фильм нелеп, глуп, до ужаса не сбалансирован. Порой напоминает скетч для пародии, а не полноценное кино. И всё благодаря ужасной постановке, сценарию, игре (в особенности, Айс Кьюба) и нарочитой коммерциализации. Если смотреть на фильм с позиции 'Так плохо, что хорошо', то у этой штуки есть шанс побороться за звание 'Комнаты' Вайсо из мира фантастики. Если же вам нужно хорошее кино про атаку инопланетян, которое заставит бояться разум с других планет, то увы, уж лучше самому стать жертвой эксперимента пришельцев, чем смотреть этот фильм.","2025-11-02 16:24:49.682067"
3,"Наша вина",2025,112,"мелодрама, драма","Доминго Гонсалес","София Куэнка, Доминго Гонсалес","Николь Уоллес, Габриель Гевара, Габриэла Андрада, Марта Хазас, Goya Toledo","Спустя четыре года после расставания Ник и Ноа воссоединяются на свадьбе Лайона и Дженны, и возникает вопрос, сможет ли их любовь преодолеть злобу Ника.","https://image.tmdb.org/t/p/w780/7QirCB1o80NEFpQGlQRZerZbQEp.jpg","https://image.tmdb.org/t/p/w780/181frO8pQaK7UZUMycM3FodIBIf.jpg","Испания, Соединенные Штаты Америки","7.584",1156594,"","2025-11-02 16:24:52.070875"
4,"Истребитель демонов: Бесконечный замок",2025,155,"мультфильм, боевик, фэнтези, триллер","Харуо Сотодзаки","Хикару Кондо, Коёхару Готоугэ","Нацуки Ханаэ, Хиро Симоно, Такахиро Сакурай, Акира Исида, Ёсицугу Мацуока","Во время подготовки к решающему сражению с демонами члены Корпуса и столпы проходят изнурительную программу — Тренировку Хашира. Но внезапно сам Музан Кибуцудзи появляется в особняке Убуяшики. Когда глава Корпуса оказывается в смертельной опасности, Танджиро и Хашира спешат на помощь, но Музан втягивает их в таинственное пространство — замок Бесконечности, логово демонов. Так начинается финальное сражение между охотниками на демонов и силами зла.","https://image.tmdb.org/t/p/w780/1RgPyOhN4DRs225BGTlHJqCudII.jpg","https://image.tmdb.org/t/p/w780/rz1jMKpu4rq2wiKMyILF06aiSwP.jpg","Япония","7.8",1311031,"Удивительно, как 'Истребитель демонов' (или 'Клинок, рассекающий демонов', в зависимости от перевода) сумел стать мировым феноменом и добиться огромного успеха далеко за пределами анимешного комьюнити. Причём, не сказать, что по манге это было особо очевидно. Она была неплохой, но когда по ней начали снимать адаптацию, мало кто ожидал огромного ажиотажа, как было в случае с заведомыми хитами, вроде 'Магической битвы' и 'Человека-бензопилы'. В итоге же перед нами реальный пример сёнена, достойного встать в один ряд с другими 'Хаширами' жанра.  

А всё благодаря тому, что студия Ufotable не просто постаралась над материалом, она вывела его на новый уровень за счёт потрясающей анимации и мощной эмоциональной отдачи. История всё ещё была стандартной, но авторы позаботились с тем, чтобы битвы выглядели как произведение искусства, а трагичные предыстории героев трогали до глубины души. В итоге вышел безбашенный мультсериал, где каждая новая арка смотрелась с огромным вовлечением. Не каждый культовый тайтл добивается таких результатов, а тут перед нами адаптация, повторюсь, не плохой, но не хватающей звёзд с неба манги.

Что касается самого фильма, то он следует той же схеме, что и мультсериал. Потрясающие битвы, приправленные трагичными предысториями с флэшбэками, которые могут раздражать незнакомых зрителей, но точно растрогают фанатов. Причём в этот раз ставки существенно выше. 'Бесконечная крепость' - это адаптация кульминационной арки манги, где как раз начинается решающая битва с Мудзаном и его самыми сильными Высшими Лунами. И конечно же в этот момент история достигает катарсиса в плане пафоса и эмоций. 

Конкретно здесь главные звёзды - это столп насекомого Шинобу, вынужденный наконец-то перестать трусить перед лицом опасности Дзеницу, и неоднозначный антагонист Акадза. Других героев тоже приятно видеть, но конкретно эта троица находится в центре внимания и получает свой час славы. Вам будет жаль Шинобу, чья ноша кажется непосильной. Даже хейтеры наконец-то зауважают Дзеницу, который показывает, что даже за непутёвым бойцом может скрываться сильный дух. А Акадза... давно не помню столь трагичной предыстории антагониста в рамках аниме. Честно, впервые за долгое время в кино я пустил слезу, настолько этого персонажа жаль. За любым злодеем скрывается сломанная душа, и душу Акадзы просто разбили в дребезги. 

Анимация как всегда на А+. Причём не только в моменты битвы, но и в более простых, казалось бы, сценах. Сам бесконечный замок шикарно анимирован в плане 3D-графики, он ощущается чуть ли не живым. В статичных кадрах всегда преобладают яркие цвета и они часто несут смысловую нагрузку и помощь в визуальном повествовании. Я смотрел этот фильм в IMAX, и клянусь, далеко не каждый голливудский блокбастер, стоимостью за 200 миллионов, заслужил этот формат настолько же, насколько это аниме. Всё кажется ещё масштабнее и эпичнее, а звук катан и техник дыхания буквально ощущаешь на себе. Редко когда в кино удаётся дать такой эффект погружения. 

Самое же крутое, что это лишь НАЧАЛО конца истории. Да, оригинальная арка масштабна и поэтому студия приняла решение превратить её в трилогию и на ней закончить 'Истребителя...'. И если это лишь начало, то дальше пойдёт просто разнос всего. Самая сильная Высшая Луна Кокушибо, трогательный дуэт Мицури и Обаная, и, конечно, потрясающие бои с любимыми хаширами фанатов - Гёмэем, Санеми и Муичиро. У этого аниме есть все шансы продолжить штурмовать кинотеатры и дальше. А всё потому, что герои прошли путь, мы их уже знаем. Всё, что требуется дальше, просто дать им возможность показать пик своих возможностей. Фильмы не смогли бы достичь такого уровня хайпа, если бы прошлые арки не добились таких шикарных результатов. 

Огромные сборы не только в Японии, но и на мировых рынках только подтверждают размах успеха флагмана Ufotable. Они умудрились заинтересовать 'Истребителем демонов' максимально разношёрстную публику и добиться обсуждаемости где-то около 'Атаки Титанов', что говорит о многом. И если так будет продолжаться, то финальная трилогия максимально приблизит само аниме к главному мейнстриму, чего ещё лет 20 назад люди никак не ожидали, называя японские мультфильмы нишевым развлечением для избранных. Теперь же на наших глазах творится история, которая сейчас находится на кончике катаны. | Полнометражный фильм Истребитель демонов: Kimetsu no Yaiba – Бесконечная крепость (режиссёр Харуу Судзуки) стал очередным ярким звеном во франшизе, покорившей зрителей по всему миру. Как и следовало ожидать, студия ufotable вновь доказала, что способна выводить анимацию на новый уровень: сцены боёв и визуальные эффекты завораживают, картинка буквально переливается деталями.

Несмотря на то что сюжет картины представляет собой собранные вместе фрагменты нескольких арок манги, фильм смотрится цельным и насыщенным. Персонажи не стоят на месте — в их характерах и отношениях появляются новые штрихи, а мини-арки внутри ленты получились по-настоящему увлекательными. Отдельного упоминания заслуживают финальные клиффхенгеры, оставляющие зрителя в приятном предвкушении продолжения.

Единственное, что может вызвать лёгкое разочарование, — это незначительное продвижение основной сюжетной линии: масштабного сдвига вперёд здесь ждать не стоит. Тем не менее фильм компенсирует это зрелищностью и драматургическим напряжением.

9 из 10

Всем фанатам франшизы — к обязательному просмотру. Даже если вы знакомы с мангой, лента подарит новый визуальный опыт. Минус — небольшой прогресс по сюжету, но он не затмевает общего впечатления. С нетерпением жду следующей части. | Визуал спасает, сюжет нет

Да, анимация от Ufotable по-прежнему на высоте. Боевки красивые, музыка хорошая. Но это все, что можно сказать хорошего о фильме.

Главная проблема — 'Бесконечный замок' выглядит как нарезка из серий, склеенная в кино. Создается ощущение, что просто взяли куски сериала и слепили из них фильм. Переходы между сценами корявые, никакого киноязыка нет. Просто телевизионная драматургия, натянутая на два с половиной часа.

Усталая формула

Фильм следует одной схеме: бой — флешбэк — кульминация — снова бой. Зритель постоянно в напряжении без возможности выдохнуть. Развязка не наступает, а бесконечные сражения создают ощущение, что структура у картины есть, но она изжила себя и работает на автопилоте.

Флешбэки с трагическим детством превратились в штамп франшизы. У каждого персонажа обязательно погибшие родители и печальная история — это давно перестало работать. Даже относительно проработанный флешбэк с Акадзой подается так затянуто и предсказуемо, что финал его истории вызывает скорее раздражение, чем сочувствие.

Персонажи без развития

За четыре сезона и несколько фильмов герои остались на том же уровне. Тандзиро так и не вырос из роли наивного добряка, Нэдзуко превратилась в афк-персонажа без какой-либо личности, а про столпов, помимо их боевых техник, зрители так ничего толком и не узнали. Создается впечатление, что авторы изначально не планировали серьезно развивать своих героев.

Когда тебе из раза в раз показывают очередной ленивый флешбэк, это вызывает только безразличие.

Мелочи, которые бесят

Неуместные шутки в начале фильма кардинально ломают тон. Монологи затянутые и нудные — то, что работает в сериале, в кино выглядит как издевательство над зрителем.

Красиво, но душу не трогает. И это главная проблема. | К визуалу претензий нет, шикарная анимация, 3D, которое совершенно не режет глаз, яркие краски на уровне оружия массового уничтожения для эпилептиков.

Но боже, как же много флешбеков и разговоров. Нет бы последовать образцу некоторых тайтлов и вкраплять диалоги в процессе действия (один из моментов в битве Канджуро с Акадзо, они сражались, а Канджуро рассуждал над этим файтом и думал о секрете техники Акадзо). А в остальном мы видим красочный обмен несколькими ударами, потом либо персонажи просто стоят минуту-две и мы слушаем их мысли-рассуждения, либо видим флешбек, а то и несколько  о трагичном прошлом героя/злодея, затем снова обмен ударами в настоящем. Таким образом монтаж выглядит совершенно рвано, будто бы просто серий 6-7 аниме склеили и назвали фильмом.

+Саундтрек неплохой, местами прям разрывной

+Графоний на высоте, даже 3D выглядит замечательно

-Флешбеки

-Ещё Флешбеки

-БОЛЬШЕ ФЛЕШБЕКОВ БОГАМ ФЛЕШБЕКОВ

-Рваный монтаж без внятных переходов

В целом вроде круто, но местами так скучно и уныло, что 

6 из 10 | Я не самый большой поклонник аниме. Но, иногда  посматриваю разные вещи. И мне всегда казалось, что полнометражные аниме отличаются от этих бесконечных сериалов. Отличаются в лучшую сторону. Но видимо я ошибался. 

Более того, ошибкой было идти и смотреть этот мультфильм не ознакомившись с сериалом. 

Сюжет: Так как я совсем не в теме и не смотрел сериал, то для меня всё что происходило на экране напоминало День открытых дверей в дурдоме. Но если очень кратко, то вот что я понял: есть демоны и есть те кто с ними борется. И есть какой-то самый, самый, самый главный демон, которого надо уничтожить и тогда всё будет хорошо. По сути этим герои и занимаются, точнее пытаются заниматься. 

Минусы:

1) По сути это не полнометражный мультфильм, это очень длинная серия сериала. Или несколько серий слитых в единой целое. И всё это дело идёт 2.5 часа. 

2) На что же ушло 2.5 часа? В основном на драки и на странные диалоги (иногда монологи). Диалоги и правда странные, это какая-то смесь безумия, невероятного ЧСВ, какой-то непрекращающейся истерики и постоянной рефлексии. 

Очень всё это напоминало российские телевизионные сериалы для домохозяек, где все постоянно кричат, дерутся, сплетничают, опять кричат, плачут и т.д. и т.п.

3) Картинка. Ну тут лично у меня глаза начали болеть через 10 минут. Особенно дело плохо когда идут драки.  Буквально какофония из кричащих красок. Смотреть на это не сказать что противно, смотреть на это больно. Особенно 2.5 часа. 

4) Герои. Тут всё типично для аниме, опять какие-то детишки в кимоно, которые  рубят полчища демонов. Ничего нового. Выглядит странно, и для меня это минус. 

5) Все герои  обладают какими-то душевными заболеваниями. И по хорошему им бы пройти курс психотерапии, а уже потом бороться со злом. Иной раз злодеи стали злодеями только из-за того, что вовремя не прошли подобный курс. Я не шучу, там буквально есть герои которые перешли на строну зла из-за каких-то старых детских обид. 

Плюсы: 

Их нет.

Вывод:

Я видел разное аниме, но хуже этого ещё не видел.","2025-11-02 16:24:55.768807"
5,"Похищенная",2025,110,"триллер, боевик, приключения","Джеймс Кент","Кас Грэм, Ребекка Поллок","Кейт Бекинсейл, Скотт Иствуд, Jordan Duvigneau, Мэтт Крэйвен, Nowar Yusuf","Мара в одиночку воспитывает любимую дочь, а ее бывший муж Карим время от времени забирает малышку на выходные. Однажды дочь пропадает, а Мара узнает, что Карим тайно вывез ее на свою родину в Сирию. Много лет обивая пороги, Мара не может вернуть дочку официальными путями. Однажды к ней обращается бывший морпех Митч, который предлагает Маре сделку — она должна помогать возвращать похищенных детей посредством тайных операций по всему миру. В ответ на это он обещает сделать всё, чтобы вернуть ее дочь домой. Пообещав помощь, Мара не догадывается, что будет втянута в опасную и жестокую игру, курируемую ЦРУ, а доброжелательный Митч — вовсе не тот, за кого себя выдаёт.","https://image.tmdb.org/t/p/w780/qcDDn7WeKBenM4nLlOPXAeJ4hpg.jpg","https://image.tmdb.org/t/p/w780/rRpOEyweJPAR1kxQ0KCXNiPxXIt.jpg","Великобритания, Соединенные Штаты Америки","6.44",1280450,"Мне понравилось, смотрится с интересом. Внимание держит.

Фильм с традиционно развивающимся сценарием и отсылками в прошлое для раскрытия сюжета и чтобы подтолкнуть зрителя к пониманию и догадкам. Я не Пуаро, но догадываться о перипетиях сюжета начала ровно тогда, когда это запланировал сценарист. Как и о главном секрете фильма. Конечно, я его поняла сразу после появления факта, на котором выстроен сюжет.

 О чем? Похищение ребенка. Почему именно этот ребенок у этой семьи. Вот об этом весь фильм. Все по правилам-полиция, семья, журналисты. И снова одна и та же мысль-ничего не возникает на пустом месте. 

  Актеры все старались. Давно нравится, как играют Самюэль и Стерджесс. Смотреть начала, не зная каста - приятный сюрприз. Роли не слишком требующие отдачи, но Самюэль понравился больше и убедил лучше. Ну не похож Стерджесс на адвоката и никак не поверила ему.

  Женские роли - главная героиня-актриса не соответствует заявленным в фильме качествам-для стюардессы слишком возрастная, для роковой женщины весьма прозаичная. Но это ладно. Персонаж вызывает именно такие чувства, как у людей в фильме. Отторжение. У меня вызвала конкретное неприятие. Это почти отрицательный персонаж. Актрису не знаю, скорее всего, она блистает где-то в другом фильме, каст весьма странный для меня.

 Ее оппонент - женщина красивая, яркая, персонаж вызывает интерес и эмпатию, даже сопереживание. Хорошо сыграно. Актрису не знаю.

Операторская работа вопросов не вызывает. Динамично, смотрибельно. Есть красивые кадры Франции. Без черно-белого, синего и сепии обошлось.

В фильме как бы наоборот - кто казался хорошим, не так уж и хорош, а кто плохой, не так уж и плох. Еще понравился ход - как легко бывает в чем-то убедить ребенка. И он поверит.

Вопросы у меня к главному происшествию фильма - ну очень странно и неправдоподобно. К последствиям этого происшествия меньше - так бывает в жизни. Как и все показанное - так бывает в жизни. Поэтому смотреть интересно. А мелкие несоответствия ты как-то не замечаешь.

 Оценка 7, думаю, уместна. | Элиза, мать двоих ангелочков, разрешает своей дочери Люсии остаться на ночевку у своей подруги Джозефины, которая недавно перевелась к ним в школу. Бегло пообщавшись с мамой девочки Ребеккой, Элиза доверяет ей своего ребенка и уезжает в командировку. Когда на следующий день она возвращается, оказывается, что никакой Ребекки не существует, дом был арендован на сутки, а Люсия пропала. Теперь матери предстоит найти ребенка, попутно переживая травлю, которой наполнилось общество, ведь Элиза оставила малышку с совсем неизвестной женщиной...

Кстати, все описанное выше происходит в первые 13 минут фильма. Смело разгоняясь, создатели не дают зрителю шанса заскучать и дерзко захватывают внимание тем, что главное событие происходит сразу же, и запускает за собой череду загадок, а вместе с тем и их отгадок. В сериале всего пять серий длительностью по 40-45 минут и за это время нет ни единой ненужной сцены или бесполезного трепа. Над чем создатели уж точно постарались, так это над тем, чтобы у зрителя абсолютно не было шанса заскучать. Сюжет и динамика не провисают ни на минуту и невозможно выключить сериал на середине, не узнав правду.

Скажу сразу, история не сильно замороченная. Сюжет совершенно несложный, а концовку можно назвать в некоторой мере даже сказочной. Но при этом могу уверить, что скучно вам не будет. История постоянно движется, между главными героинями даже дистанционно есть химия, загадки подаются порционно. Первая зацепка о том, как же раскроется сюжет появляется в конце четвертой серии, что я считаю абсолютно оптимальным, потому что после этого сюжет становится кристально ясен и пятая серия служит исключительно красивым финалом и не размазывает объяснение почему злой - злой, а добрый - добрый на тридцать часов. 

'Похищенная' -  отличный вариант сериала на вечер, когда хочется отдохнуть и посмотреть что - то не загружающее мозг, но при этом достаточно интересное. Хочется, чтобы такого снимали побольше.","2025-11-02 16:25:00.338292"
6,"Мартин",2024,147,"боевик, драма, триллер","А. П. Арджун","AP Арджун, Серия Арджун","Дхрува Сарджа, Вайбхави Сандилья, Анвеши Джайн, Джорджия Андреани, Запутанная история","Сюжет фильма «Мартин» вращается вокруг бригадного лейтенанта Арджуна Саксены, чьё путешествие приводит его из Пакистана в Индию, где ему предстоит раскрыть свою настоящую личность и сразиться с торговцами чёрного рынка, которые вместе с террористами организуют масштабные теракты в стране.","https://image.tmdb.org/t/p/w780/42xAe6kVeTjml9Tww6vRoWa5tay.jpg","https://image.tmdb.org/t/p/w780/zt4nj537ulc0fHL3lnQoydq8xn.jpg","Индия","3.813",861451,"«То была извечная трагедия - когда ограниченность стремится наставлять на путь истинный ум широкий и чуждый предубеждений.»

Интуитивный гений, скрывающийся под маской реалиста и документалист, вдруг открывший в себе потенциал кинематографического поэта… С противоречивыми натурами всегда так тяжело! Пытаясь объяснить свои впечатления от книги и от фильма, я будто сжимаю руками не ту фигуру. Как желе, она вытекает между пальцами и вот – приобретает уже совсем другие очертания. В случае с «Мартином Иденом» - и книжным, и кинематографичным, так легко превратиться в багетчика. Это яркое сравнение напомнило мне сцену, одну из немногих, дословно перенесенную со страниц книги на экран – первое знакомство с семейством Морзов и их бытом, когда Мартин разглядывает картину в стиле импрессионистов и разочаровано вздыхает, что красота принесена в жертву фокусу, когда сам он не догадывается, что для читателя - он такая же картина, на которую лучше всего смотреть с расстояния больше ста лет. И чем дальше – тем более драматичней становится его колоссальная фигура. 

1909 год. Год издания книги «Мартин Иден». Поль Гоген уже шесть лет как сгинул в Южных морях. До Первой Мировой осталось совсем немного. Колониальный уют великих империй вот-вот расколется и мир захлестнет кроваво-красное. Из века девятнадцатого чудовищной бездне века двадцатого машут не самые последние мыслители, где-то неправильно понятые, но в любом случае повлиявшие на ход истории – Герберт Спенсер и Фридрих Ницше. Именно их выбирает себе в кумиры неотесанный моряк Мартин Иден, ослепленный красотой буржуазии и вознамерившийся во что бы то ни стало, добиться успеха с помощью своего интеллекта и по совместительству добиться любви ангелоподобной Рут Морз. 

Первое слово, возникшее как ассоциация, как только я закончила книгу, это – Голливуд. Классический Голливуд 30-40-х годов, золотой век для подобных историй: парень из низов добивается успеха, а после – разочаровывается в нем. Конечно, в идеальной голливудской трактовке Мартин Иден обязательно добрался бы до Южных морей и зажег с местными островитянками, но даже отсутствие в книге голливудского хэппи-энда не настраивает читателя на пессимистичный лад. Вообще, мне кажется, что Лондон написал одну из самых воодушевляющих книг, как бы парадоксально это не расходилось с ее финалом. Возможно, это синхронизирует с впитанным с детства, что учение – свет, поэтому стремление Идена подняться над своим окружением при помощи книг и самообразования так вдохновляет. А если учесть, что перед нами не чахоточная интеллигенция, а настоящий альфа-самец, в котором жажда жизни способна прожечь классовые условности, то симпатия возрастает до олимпийских высот. Конечно, нелегко мириться с тем, что есть читатели, которые углядели внутренние противоречия в мыслях и действиях главного героя. И так совпало, что я и Пьетро Марчелло, оба являемся такими читателями. 

На протяжении всей книги Мартин Иден называет себя реалистом. Но по факту он – идеалист. Начнем с любви. Называя себя слугой красоты, Иден не способен увидеть ее в простом обличье. Чем Лиззи Коннолли духовно уступает Рут Морз? По мне, она в разы богаче, при том, что не имеет золотой клетки и словарного запаса ладно образованной девушки. И с благородством готова дарить свою любовь, а не приносить в жертву, будто сама эта жертва – подвиг, который достоин поклонения. На пике своего творческого взлета Иден линчует буржуазию, хотя сам же и оказывается ее заложником, воспевая любовь к красивой кукле. Опять же – каким виделся ему быт с такой девушкой, привыкшей к слугам и уходу? Окажись она на месте Лиззи, удостоил бы Иден ее своим вниманием, лишенную литературного блеска и художественного вкуса, взлелеянного университетами и сверхприбыльной зарплатой отца?

Творчество Идена строится на том же идеализме. Чем он отличается от клерка Батлера, которого Иден часто высмеивает за отказ от земных радостей в угоду бережливости? «Какая ему радость от тридцати тысяч в год, когда у него несварение желудка!» - самонадеянно язвит новоиспеченный поэт, когда сам еще не знает, что тоже несварение, но более сложного, психологического характера, сгубит и его, достигнувшего успеха? Мне кажется, что писательство было для Мартина больше заработком, чем творчеством. «Пишите для себя!» - восклицает ему преданный Бриссенден. «Идите в море, почувствуйте настоящую жизнь!» - пытается он спасти отчаянно тонущего упрямца. Но нет, перед нами ведь идеалист. У реалиста хватило бы ума увидеть всю гибельность писательской карьеры. И еще одно замечание – как быстро Иден охладевает к словам. Лондон пытается создать триггерную ситуацию, будто стопом для творчества послужило высмеивание поэмы Бриссендена, не знаю, по мне, это немного притянуто за уши, учитывая какой путь он прошел, какую силу воли и физическую, и духовную проявил, чтобы добиться цели, и сломаться от мнения толпы, которую сам же и презирал?.. Нонсенс. 

А теперь вернемся к фильму. Такому же смелому, как и его литературный прототип. Начнем с определения временного отрезка, в котором развивается история, ведь именно на нем строится понимание всей картины. Читаю разные мнения и вижу, что каждый предполагает разные эпохи, кто-то – 60-е, другие – 70-80-е, не замечая, что по ходу действия предметы быта меняются по мере развития технического прогресса. У режиссера нет четкого обозначения, в какой период времени живет Иден. Он, рожденный в начале века, стал его воплощением. Величие и злодейства XX века, бедность и вера в идеалы, боевой дух и декадентство, биология и духовность, толпа и индивид. Капитализм против социализма. А между – человек. Конечно, он будет раздавлен, если нежелание приспосабливаться – это его девиз. 

Мать Элены Орсини (Рут Морз) делает точное замечание о Мартине. «Он мегаломан» - говорит она дочери. И это самое реалистичное мнение не самого положительного персонажа как книги, так и картины, звучит, как интонация, то, к чему стоит прислушаться. И в этот момент я вспоминаю и любовь книжного Идена к Вагнеру, и снисходительное (даже презрительное) отношение к простому люду и причисление себя к высшей аристократической расе и это после того, как он всего два года посидел за книжками! Да, Пьетро Марчелло четко уловил противоречивую натуру литературного персонажа, так точно соотнесенного с целым столетием. Человек, разочаровавшийся в книгах, отвергающий их и толпа, сжигающая книги, - разве у них нет ничего общего? Поэзия Марчелло лишена романтики идеализма, она ближе к неореалистам, пусть и полна экспериментов (чего только стоит тонущий фрегат и танцующие где-то в подворотнях дети). Единственный персонаж, показанный достойно и с любовью – это Мария Сильва. Она, как окупающийся дар Идена, подводит черту – у этого мира еще есть вера, надежда и красота. | Итальянский «Мартин Иден» 2019 года — фильм, который наконец-то выпустили в прокат в России. Он вызвал активные споры среди зрителей — и в социальных сетях в том числе. Особенно негодуют те, кто читал книгу и ждал от итальянцев дотошной экранизации классической книги Джека Лондона. А между тем, именно отличия от оригинала мне в нем особенно и понравились.

Если пересказывать коротко, то «Мартин Иден» — это история о задире-моряке, который влюбляется в образованную девушку из богатой семьи — и старается завоевать ее сердце, став писателем. Однако его сбережения тают, есть ему нечего, его вот-вот выгонят из съемной комнаты — а рассказы и стихи не принимают для публикации, и никому они не нужны… Однако Мартин Иден (так его зовут) не сдается — и упорно бьётся за свою мечту. Книга, кстати, потрясающая.

Тем, кто не читал (во многом автобиографический) роман Лондона, смотреть кино будет проще — потому что в других случаях сравнение с оригиналом неизбежно. Да, авторы здорово переработали творение Джека Лондона, и создали фильм о главных социальных потрясениях первой половины ХХ века в Италии. Действие перенесли из Калифорнии в Неаполь, а время передвинули с начала ХХ века на пару десятилетий вперёд — в период социалистических брожений, которые закончились приходом фашизма Муссолини с известными нам последствиями. Впрочем, чрезмерного бичевания (или смакования) этого самого фашизма в фильме нет — и из-за этого он только выигрывает.

Итальянский «Мартин Иден» наделал шума на кинофестивалях, собрал множество престижных призов, и… вызвал глухой ропот тех, кто хотел, чтобы он следовал «букве романа». Недовольным не понравилось то, как режиссёр Пьетро Марчелло отнесся к оригиналу. А, между тем, он поступил с ним максимально бережно — однако сделал не слепую экранизацию, а именно авторское видение этого романа. А авторское видение, как известно, нравится не везде и не всем.

Итак, почему Неаполь, а не Окленд, как в романе?

В этом — основная «фишка» экранизации. На Джека Лондона примеряли «пальто» итальянца. Режиссер Пьетро Марчелло — естественно, тоже итальянец. И он хорошо знает историю и философию своей страны. А если бы он делал (итальянское!) кино о США, то ничего заметного не снял бы, потому что авторы не владеют их материалом. Чтобы снять глубокую и полноценную драму, им пришлось перенести действие на родную землю.

А актёр Лука Маринелли, как посчитали авторы, визуально очень похож на молодого Джека Лондона — из-за этого-то его и выбрали.

Маринелли, кстати, взял приз на Венецианском кинофестивале — и по мне, вполне заслуженно. Не могу сказать, что он или авторы фильма применили какие-то новаторские приемы, однако временная сдвижка дала удивительный эффект — выяснилось, что герой Лондона вполне органично смотрится в другое время и в другом месте.

В этом итальянском фильме много мимолетных и фактически документальных портретов людей из 20-го века — которые создают полифонию и придают ленте дополнительную глубину. Кроме того, в нем много кадров-образов, передающих состояние, или воспоминания главного героя — например, фрагмент с парусником под музыку Джо Дассена вызвал во мне учащенное сердцебиение...

В первой половине этого фильма происходят фактически ровно те события, что и в оригинальной книге. Вторая половина несколько отличается от романа — видимо, потому что в книге индивидуалист Мартин переживает всё фактически в глухом личном одиночестве, а итальянский «Мартин Иден» — существо всё-таки более социальное. И, судя по всему, авторам было проще изображать его новую жизнь, и его внутренние муки при помощи диалогов и публичных выступлений.

Мне кажется, что вторая половина фильма (та, что в книге плавно подводит нас к неизбежному финалу) смотрится чуть похуже первой — именно из-за того, что авторы сделали своего Мартина Идена более открытым (и чуть менее сложным) человеком, чем тот, которого изобразил в свое время Джек Лондон.

Однако, учитывая, что это все-таки кино по мотивам книги, а не прямая ее экранизация, я принимаю и это допущение.

В целом, фильм понравился. Хотя книга в свое время мне понравилась больше. Тем не менее: этот «Мартин Иден» тоже вполне хорош. | То, что реально восхищает при  просмотре фильма - это игра главного героя. В его исполнении Иден получился очень фактурным и характерным, хотя порой слишком надменным. 

  С визуальной точки зрения фильм получился красивым. Это и о подобранных актёрах, костюмах и о цвете фильма в целом. 

  Особое впечатление производят смена картины, отсылки к каким - то отрешённым визуальным образам - вроде тонущего корабля, или вида на море. В целом, чувствуется стиль режиссёра.

С другой стороны, с содержательной, картина неоднозначна. Естественно, что любая экранизация литературного произведения является демонстрацией точки зрения режиссёра, его персонального видения. Поэтому здесь можно рассуждать о фильме скорее как о интерпретации романа, нежели его экранизации, которая, по моему мнению, неотрывна от текста. 

На такую точку зрения есть несколько причин. Действие романа полностью перенесено в Италию, изменены имена героев. Есть неточности сюжета: в романе Иден работал в прачечной, в фильме - на сталеварне.  Также не ясен переход Мартина от жизни бедной - к богатой. Слишком резким он показался мне в фильме. Диалоги насчёт политики и по поводу революции были абсолютно непонятны и  лишены всякого смысла, хотя, может быть, это вина неточного перевода.

Не хватает бытовых деталей, которые Лондон так тщательно описывал в произведении. Например, как Иден готовил себе ужин, или как он ходил в лавку брать продукты в долг.

Сцена смерти в фильме сильно упрощена. После прочтения романа не хватает личных рассуждений Мартина, перед тем как бросится в море. | Читая книгу 'Мартин Иден' Джека Лондона и смотря данный фильм 'Мартин Иден' я увидела лишь одинаковое имя и некоторые схожие моменты. На этом для меня сходство с книгой заканчивается.

В фильме решили сделать упор на политичность Мартина и на его писательстве, очень обидно, что совершенно опустили его отношение к высшему свету после его обучения. Лишь вскользь сняли момент, какое у него стало отношение к этим людям и почему. А ведь именно это занимало очень большую часть жизни Мартина Идена, когда он, обучившись всему тому, что должны были знать высокопоставленные люди, понял правду их жизни. Люди эти учились ради тщеславия, а он всю жизнь думал, что они применяют эти знания, что эти люди невероятно умны. А в итоге, по произведению, Мартин оказался умнее и начитаннее всех высокопочитаемых людей.

Единственное, что более менее порадовало - это Елена, хотя конечно ее натуру тоже слегка изменили. В общем, у сценариста и режиссера свой взгляд на книгу и именно его здесь и видно.

Очень хочется отметить, что я бы абсолютно не рекомендовала этот фильм, вместо прочтения классики. Исказит восприятие произведения - однозначно. А в качестве расширения кругозора после прочтения книги, могу посоветовать только если хочется еще раз встретиться с героем.

6 из 10 

и только за то, что снимают классику, не более. | Кто такой Мартин Иден? Это человек, который пробивал свой путь от грязного работяги в высший класс, в светское общество, в высокую литературу. Моряк, влюблённый в море, решает, что хочет стать писателем. Он считает, что ему есть, что рассказать миру, есть только одна проблема - у него нет даже начального образования. 

И Иден, окрылённый любовью к девушке из благополучной семьи, родители которой не воспринимают его всерьёз, начинает учиться. Он читает книги, овладевает словом, начинает выносить мысли на бумагу и рассылать свои творения в разные периодические издания. 'У тебя не получится', 'Нашёл бы стабильную работёнку' слышит он со всех сторон, но упорно идёт к своей мечте. По большей части ему хотелось покорить Елену, всё это было ради неё. Достаточно глубокий роман, классическая драма, поднимающая сразу несколько вопросов. 

Не стоит делать ради кого-то, потому что тому человеку это может быть вовсе не нужно.

Возможно, морскому волку место в море, а потеряв его, он как рыба, выброшенная на берег, начинает задыхаться? Добившись литературного признания и став звездой, Иден не испытал счастья. Быть может, потому что ввиду строжайших принципов, он понял, что внутренний бунт слишком силён, общество его не понимает, оно фальшиво. Может, всё вместе.

Так или иначе, в первой половине фильма мы видим романтика, идеалиста, во второй - уставшего и сломленного человека. А переход между этими двумя состояниями в картине был показан слишком условно. К сожалению. 

Особых похвал заслужила картинка. Оператор отработал на сто. Фильм 'подвижный', как море, красочный, яркий, атмосферный. Зрители видят бедную Италию в деталях, бескрайнее море, суровую жизнь работяг. Отличные ретро-песни на французском и итальянском стали украшением картины. Перенести крупный роман на экран непросто. Особенно жаль, когда что-то самое главное остаётся почти не раскрыто. Фильм не дотянул до шедевра, но снят на совесть, на винтажную плёнку, тот редкий случай, когда лента 2019-го года смотрится как фильм, снятый в середине двадцатого века. Синий цвет холодного моря будет сопровождать героя почти до самого конца. А потом цветовая гамма изменится, как и сам писатель...

6 из 10","2025-11-02 16:25:05.983111"
7,"Дом из динамита",2025,112,"триллер, военный","Кэтрин Бигелоу","Ной Оппенгейм","Идрис Эльба, Ребекка Фергюсон, Гэбриел Бассо, Джаред Харрис, Трэйси Леттс","На США летит межконтинентальная ядерная ракета, неизвестно кем запущенная. До поражения цели осталось 20 минут, военные и чиновники в Белом доме пытаются справиться с кризисом.","https://image.tmdb.org/t/p/w780/5SVRVwBfHCIkffiq0MmbdvnHWSz.jpg","https://image.tmdb.org/t/p/w780/4zG1S9juONvoqy33A9nA5s3bnE5.jpg","Соединенные Штаты Америки","6.4",1290159,"","2025-11-02 16:25:10.869475"
8,"Гадкая сестра",2025,110,"ужасы, комедия, фэнтези, драма","Эмили Бличфельдт","Эмили Бличфельдт","Lea Mathilde Skar-Myren, Ane Dahl Torp, Теа Софи Лох Несс, Flo Fagerli, Isac Calmroth","Женщина с двумя дочерями выходит замуж за богатого, как она думала, вдовца, но после его внезапной смерти оказывается в ещё больших долгах. Её старшая дочь Эльвира, некрасивая сводная сестра прекрасной Агнес, мечтает выйти замуж за принца и готова на многое, чтобы стать красавицей и блистать на грядущем балу. Рассматривая это как выгодное вложение средств, мать отправляет Эльвиру на операцию по исправлению формы носа.","https://image.tmdb.org/t/p/w780/kG8bBajeSTUxJGmS47WujcraZUk.jpg","https://image.tmdb.org/t/p/w780/UG91zcuAWxuihvVtYBtKpRPhva.jpg","Дания, Норвегия, Польша, Швеция","7.284",1284120,"Эльвира с матерью и сестрой переезжает в замок дряхлого отчима. Она бредит о прекрасном принце, но ей не сравниться с красотою сводной сестры... А вскоре в королевстве пройдёт бал - и это шанс Эльвиры воплотить мечты... 

Помните сказку про Золушку? Что можно найти в ней нового? А что если взглянуть на старую историю с точки зрения её сводной сестры - некрасивой, несчастной, с ногой не влезающей в туфельку соперницы... 

Деконструкция старых сказок (как и диснеевской классики, перешедшей в публичный доступ) - вещь уже привычная. В 'Малифисенте', например, зрителям предлагали сочувствовать злой мачехе, которая заколдовала Спящую красавицу. В недавней 'Злой' мы становились на сторону вредной колдуньи из страны Оз. Пришла пора и Золушке примерить - нет, не новую туфельку, а новый взгляд - вместе с современной 'повесткой'.

Рассказать историю 'гадкой сводной сестры' можно было и в формате страшной сказки, и детского мультика, и реалистичный драмы. Авторы норвежского фильма пошли по пути боди-хоррора, работающего на топливе отвращения. Готовы смотреть на разлагающиеся фрукты и тела, на обезображенные лица и отрубленные пальцы, на паразитов в животном и человеческом мире? Добро пожаловать на это кошмарное зрелище.

'Гадкую сестру' сравнивают с 'Субстанцией', но это сравнение верно лишь отчасти. Да, оба фильма роднит тема фетиша красоты и тех жертв, на которые идут героини, чтобы соответствовать 'идеалу' - моральных и физических, в то время, как мужчины показаны как тупые мужланы, наделённые по умолчанию силой  и правом выбора. На оба фильма порой очень неприятно смотреть. И если 'Субстанция' завораживала смелыми идеями и яркой подачей, то в 'Гадкой сестре' ставка сделана на шок через отвращение. Отец Золушки умирает, и его непогребенное тело медленно разлагается. Ради похудания героиня глотает ленточных червей. Чтобы исправить форму носа, ложится под нож (а точнее, под стамеску) хирурга-мясника.

Если вы дочитали до этого места,  возможно, вы сможете досмотреть этот фильм до конца. Правда, примерно посредине фильма фантазия словно покидает авторов, и мы смотрим на один и то же 'отвратительный' аттракцион - на 90% он состоит из утробных звуков из живота Эльвиры. При этом самое интересное -  как карета Золушки превратилась в тыкву при формальном реализме картины - остаётся за кадром. Зато в кадре будет много чего, на что смотреть совсем не хотелось бы...

А ещё после картины остаётся злость - то ли на пронырливую Золушку, то ли на принца - пустое место, ради которого стараются героини, то ли на саму Эльвиру, готовую отрубить часть себя, чтобы стать кем-то, кем она не является. Не самая позитивная эмоция после просмотра. Но какое блюдо, такое послевкусие. Зато старая сказка про Золушку никогда не будет для вас прежней. | Как известно, оригинальные сказки братьев Гримм писались вовсе не для детей — в них было немало жестокости, мрачных сцен и сексуальных мотивов. Позже всё это отшлифовали, облагородили и сделали приемлемым для детской аудитории. Этот фильм — шаг в противоположную сторону. Здесь «взрослая» версия истории о Золушке за счёт серьёзного переиначивания сюжета превращается в полноценный боди-хоррор, но не теряет при этом и морали.

Завязка примерно та же: есть семья, есть принц, которого нужно соблазнить на балу. Мать одной из дочерей решает, что её девочка должна непременно выйти за него замуж. Проблема в том, что внешность девочки не соответствует идеалам красоты. И чтобы это исправить, в ход идёт буквально всё.

В дело вступает местный доктор-ремесленник, который сначала лезет ей в рот с металлическими инструментами и выправляет зубы, потом с помощью долота и молотка буквально вырубает горб на носу, затем она носит металлическую накладку, пока нос не заживёт. Потом какая-то сомнительная манипуляция с протыканием/зашиванием век, ну а чтобы похудеть, она просто глотает яйцо солитера, поселяя в себя паразита, чтобы тот «съедал еду за неё». И всё это снято — в максимально детализированной, натуралистичной манере. Камера не отводит взгляд, а как будто гипнотизирует зрителя этими сценами.

А на этом фоне — Золушка. Она красива от природы, нормальный, адекватный человек. Её мачеха вышла замуж за её отца ради денег, но тот внезапно умирает в самом начале фильма, и их семья оказывается в долгах. Собственно, ожидаемая помолвка с принцем — это и есть их план решения финансовых проблем. А отца Золушки они не могут даже похоронить — его тело постепенно гниёт и разлагается у них в сарае.

И в общем основным конфликтом сюжета становится вот это соперничество между естественной красотой Золушки и одержимостью её сводной сестры, доведённой до абсурда. Фильм снят в антураже сказочной старины, но с современным саундтреком, живым визуалом и отличной операторской работой, которая оживляет картинку и стирает границы между зрителем и происходящим на экране. 

По визуальному и эмоциональному накалу происходящего, по саспенсу и моральной развязке в какой-то момент всё это сильно напоминает «Субстанцию».

7 из 10 | К «экспериментальному» творчеству за женским авторством отношусь с некоторой настороженностью, т. к. подавляющее большинство подобных работ напоминают условные веганские гамбургеры, сахарозаменители и всякое разное «без», типа без ГМО, безлактозное, безглюченовое и т.д. 

Подобное реверсивное, заместительное, отрицательное и т.д. «творчество» не то чтобы считаю неуместным, а скорее вторичным из-за его предсказуемости, однако совершенно неожиданно брешь оказалась пробита там, где уж точно никто не ожидал.

Лично у меня, как и у многих, первой «трещиной» в 2020 году стал «Титан», на который обратил внимание, т. к. вдруг неожиданно какой-то там хоррор вдруг стал триумфатором в Каннах. Фильм не то чтобы не понравился, а скорее его не понял, но он совершенно точно запомнился как что-то не имеющее прямых аналогов. Не могу сказать, что до него бодихоррор воспринимал как какой-то простой жанр, но казалось, что самой концепции разного рода физиологических трансформаций для него за глаза, а уж городить что-то сложное на его основе – это заведомый провал, т. к. с гарантией пройдет как мимо любителей откровенно развлекательного, так и «умного» кино, но, как показало время, он более чем способен удивить.

Далее уже значительно более уверенно выступила «Субстанция» (2024). Про неё много чего можно сказать, но в контексте этой рецензии, как мне кажется, главное заключается в том, что она не отделяет и не противопоставляет героинь от мира, в котором они живут. Да, их мир далек от совершенства и справедливости, но мужчины в нем являются только частью единого целого, а не причиной всех возможных бед.

Не знаю, есть ли какая-то прямая связь между «Субстанцией» и этим фильмом, но он не только развивает идею неделимости реальности, но и еще больше фокусируется на устройстве женской половины социума, которая из жертвы абьюза и подавления становится полноценным актором истории. 

Зная оригинальную «Золушку», интуитивно ожидаешь, что смещение фокуса внимания на её сводную сестру Эльвиру потянет за собой привычную в таких случаях инверсию, как это обычно делается в подобных проектах, но тут такого на удивление не происходит. 

Помимо этого, невозможно не заметить, что немногочисленные мужские персонажи тут являются ни на что особо не влияющими функциями. Можно, конечно, сказать, что местный доктор является аллюзией на что-то там, но что бы принципиально поменялось, будь этот персонаж женщиной? По-моему, ничего. Что касается принца, так он еще в оригинальной сказке был скорее призом, чем персонажем, а тут его статус благодаря сцене на охоте и модификации сюжетной арки Золушки окончательно превратился в своего рода макгафин, ничем по сути не отличающийся от чемоданчика Марселеса Уоллеса из «Криминальное чтиво» (1994).

Скажу больше: эта версия Золушки в принципе является оригинальной интерпретацией, где дьявол кроется в деталях. В частности, на бал тут приглашаются «девицы», что, напомню, подразумевает в числе прочего еще и девственный статус.

Понимая этот «нюанс», становится понятно, за что именно тут огребла Золушка, и, что самое интересное, понимая, что такое дело утаить крайне проблематично, то и сцена после титров получает еще одну, хоть и весьма темную, но более чем возможную интерпретацию, но да бог с ней, с этой Золушкой, вернемся к главной героине и её проблемам…

Лично меня больше всего в этой истории покорило то, что все уровни конфликта развиваются внутри дружного женского коллектива, и посмей хоть один мужчина экранизировать такое, то он бы, вероятно, автоматом попал бы под отмену как женоненавистник.

Сами посудите… Антагонистом внутреннего конфликта выступает мать, которая выдергивает героиню из её детских грез. На межличностном уровне антагонистом является Золушка, которая не просто вытянула выигрышный лотерейный билет, но и еще, если понимать выше упомянутый нюанс, еще и откровенно мухлюет, за что, собственно, и попадает под репрессии, а не «просто так». На внешнем же уровне может показаться, что антагонистом выступает мужской мир, общество в целом и/или какие-то там стандарты красоты, но на самом деле на этом уровне находится директриса школы, которая откровенно гнобит воспитанниц, и, по сути, именно она окончательно ломает героиню истории. Скажу больше: из мимолетного знакомства с принцем зритель узнает, что он, как и его свита, является весьма непритязательным, поэтому всё вот это вот, чем изнуряют воспитанниц, возможно, изначально и придумано для обольщения, но позже явно трансформировалось в инструмент психологического давления, о цели которого можно подискутировать, но то, что он имеет мало общего с изначальным предназначением, по-моему, очевидно всем и внутри, и за пределами истории.

Из вышесказанного получается, что вся история героини развивается внутри и под воздействием дружного женского коллектива, который живет по своим законам и который является своего рода закрытой системой, доступ в которую мужчинам закрыт, а единственная точка соприкосновения этих миров – деньги.

Собственно, понимая, по каким принципам развивается данная история, становится понятна и её управляющая идея, для которой принципиально важную роль в сюжете играет младшая сестра Альма, чья эволюция хоть и проходит в тени, но именно она, имея возможность из этой самой тени взглянуть на всё происходящее со стороны, оказывается единственным человеком, который, ровно как и автор этого фильма, понимает, что единственная возможность вырваться из системы, которой управляют алчность и тщеславие, — это перестать играть по его правилам, и это, как мне кажется, единственный возможный ответ на то, что можно предпринять в подобной ситуации.

Резюмируя, скажу так: эта история может показаться очередной версией незавидной женской судьбы, но только до того момента, пока не начнешь вникать в её механики и вытекающие из них смыслы. Смотря историю с точки зрения «что хотел сказать автор», нельзя не отдать должное тому, насколько трезво и лаконично она формулирует управляющую идею, которую при всей её очевидности многие наверняка откажутся принимать, т. к. намного проще жить в понятном черно-белом мире с понятным, во всем виноватым врагом, чем признаться себе в том, что мир устроен несколько иначе. Ну а в том, как подобные истории пробивают себе путь к массовому зрителю, есть своя ирония. Понятно, что этот жанр славится разного рода экспериментами, но то, что именно женщины обратят на него внимание для формулирования действительно оригинальных идей, никогда бы не подумал. Очень надеюсь, что это только начало и в открытую форточку потянутся таланты, которые наконец смогут сформулировать свои мысли, не прибегая к паразитированию на уже существующих идеях, концепциях и образах.

10 из 10 | Сразу скажу, что фильм смотреть не рекомендую строго никому.

Упустим так называемые пересказ сюжета и режиссерскую команду. Кому это интересно? Лучше просто отметить минусы.

Фильм изначально позиционирует себя как боди (или бьюти) - хоррор, к  тому же жёсткий. Увы, таким он не является. Если ломание носа и отрубание пальцев стопы это уже является причиной причислять кино к названному жанру, то я умываю руки. С таким успехом любой боевик можно назвать 'боди-хоррором', ведь Вы представляете, там отрываются конечности от взрывов! Ничего себе.

Концепция символизма.

В предложенном сразу после просмотра фильма видеообзоре отмечают, важность ЧЕРВЯ, которого главная героиня съела по ходу сюжета, дабы 'есть и не толстеть'. Однако, если в этом и есть какой-либо символизм, то он рушится сценой, в которой главная героиня интересуется о символизме в стихотворении у Золушки, на что та отвечает, что здесь подразумевается мужской половой орган. Если перекладывать это на весь фильм, то действительно он представляется символ сие органа. К тому же, если искать символизм во всём, где его явно нет, то тогда перемещение героини в слепую по дому показывает её поиски себя и непринятие своего облика и можно до бесконечности.

Сочетание реализма и сказки.

Сразу отмечу, что использование современной музыки просто рушит погружение, а не делает из нас отдалённого зрителя. В фильме явно нет положительных героев, но единственной кто проигрывает является главная героиня, что странно. В погоне за красотой она жертвует своим телом и разумом ради мечты выйти за принца. Насколько это плохо? При этом Золушка, вышедшая победительницей в гонке за принцем является распутной девкой, готовой сношаться с конюхом и по определению являющаяся 'красивой'. Она знает цену своей красоте и готова ради достатка выйти за принца. Так почему за это её не наказывают, мне не очень понятно. К тому же вмешивается 'сказка' и к Золушке прилетает Фея Крестная и дарит платье с каретой (которую, кстати, не показали). 

Так какой посыл? Ты мучаешься, стараешься, развиваешься ради любви всей жизни, а также её цели, и в итоге ничего не получаешь. А у другой нужное есть со старта, и потусторонние силы ей благоволят, добивается всего, чего она так корыстно хотела.

Единственной, кто оказывает героине поддержку и отрицательно отзывается о её изменениях, так это её младшая сестра. Но, увы, раскрыть персонажа или хоть как-то описать авторы не решились и лишь показали, что она 'взрослеет' и в названной гонке участвовать не собирается.

Стоит также отметить комедийную часть фильма (Жанр: комедия, фэнтези, драма), однако Зачем? Если её попросту нет. Пару похабных шуток про члены и соитие, опять же не даёт право фильму называться комедией.

В итоге оценка 1/10 и добавить к этому больше нечего. | До России дошел главный зрительский хит последнего Берлинале. Ассоциации даже по трейлеру, снятого в стиле 'Субстанции', понятны. Норвежка Блихфельдт сделала боди-хоррор на классическом материале популярной в Скандинавии ГДРвской сказки 'Три орешка для Золушки'. Тут вам и оммажи Кроненбергу, и понятная слава еще одной Фаржа, и прицельный минометный огонь по фем-аудитории по всему миру. 'Гадкая сестра' - это снова ядовитая сатира на мир женской объективации. Очередной разговор на тему, что приходится делать женщинам, чтобы соответствовать ожиданиям

В центре истории - нарратив про Золушку. Бродячий сюжет, найденный историками еще в Древнем Египте, здесь перевернут с лопаток на брюхо. Золушка, страдающая от злой мачехи, скоблящая пол до чистоты, а потом выходящая замуж за Принца, отодвинута на второй план. Протагонист - ее сводная сестра, уродливая и гадкая в устоявшемся мифе. Блихфельдт задается вопросом, а что мы вообще знаем о Золушке? Вдруг нам всю жизнь рассказывали историю, написанную победителями? Поколениями обманывали. И 'Гадкая сестра' делает изобретательный крюк - вещает с иной точки зрения, вопреки принятой идиллии

Теперь Золушка не так чиста, как мы думаем. Она уже не просто образ из сказки. Есть даже имя - Агнес. Абьюзер, а не жертва. Временами творит гадости, обижает окружающих, как и любой житель этой вымышленной страны персонаж не всегда приятный. В ней тоже побеждает человеческое. Как и в Эльвире, той самой гадкой сестре. Чтобы понравиться Принцу (тоже то еще счастье, если приглядеться с новой оптикой), она проходит через адские ментальные и, как полагается в боди-хоррорах, телесные муки

Ринопластика наживую, ленточный червь в ЖКТ для похудения, пришивание хирургической иглой накладных ресниц - всё это (а особенно взятый у братьев Гримм финальный твист с туфелькой) показывается зрителю с кроненберговской дотошностью. Особо мнительным предстоит не раз зажмуриться. Рейтинг у фильма точно не меньше 18+. Источник красоты тут - операционный скальпель. Внешней, не той, что внутри, по определению естественной. Ее источник тут лишь один, третья сестра, но она постоянно теряется где-то между конюшней и жалостливым взглядом

Но истязания физические - лишь проекция насилия психологического. Эльвира - типичный объект родительских амбиций. И самые страшные моменты 'Гадкой сестры' связаны отнюдь не с кровавыми пертурбациями хирургии вековой давности. Блихфельдт снимает не просто сказку о том, как страдают женщины сегодня и, возможно, страдали во времена Золушки. Это предельно понятный манифест против ментальных зависимостей и манипуляций общества. 'Мое тело = мое дело' здесь лишь часть транслируемой повестки. Норвежке интереснее покопаться в заеденном опарышами родительском трупе, чем пограмофонить с высокой трибуны

Что роднит 'Гадкую сестру' с 'Субстанцией' - это нехватка идей на полный метр. В норвежском фильме легко угадать концовку даже случайно забредшему на сеанс ребенку. Стилизация под сказку из телевизионного прошлого - это лассо для родной аудитории, изящный базовый прием - отличный маркетинговый шаг, но вот хватает ли его на весь хрон?. Главная беда подобных фильмов - зацикленность на стигматах жанра. Боди-хоррор встал в один ряд с многими не благодаря нефильтрованной жести, а видению Кроненберга за пределы просто аномалий человеческого тела. Это всегда разговор об эволюции и о ее тупиковости. 'Гадкая сестра' и 'Субстанция' работают в поле более локальном и простом

Как итог, 'Гадкая сестра' - это эксперимент по полировке правильных смыслов в экзотическом для этого месте. Смотреть на историю Золушки с другого ракурса очень захватывающе. Красота - это боль, хотя и не должна ею быть. Токсичность красоты, деструктивность ее стандартов - это всё важно, но как будто понятно сегодня всем за исключением идиотов. А идиоты в фильме, как легко догадаться, носят штаны вместо платьев. Что на пользу фильму, конечно, не идет. Но к этому все уже давно тоже привыкли","2025-11-02 16:25:14.210464"
9,"Эликсир",2025,118,"ужасы, триллер","Кимо Стамбол","Агасья Карим, Халид Хашогги, Кимо Стамбол","Миха Тамбайонг, Ева Селия, Мартино Лио, Димас Ангара, Варен Арианда Калиф","Из-за некоего эликсира в деревне происходит восстание живых мертвецов. Теперь членам семьи, в которой царит разлад, придется объединиться ради борьбы за выживание.","https://image.tmdb.org/t/p/w780/cNmGq1bfUDhrZEHvJ77zwiWfoNA.jpg","https://image.tmdb.org/t/p/w780/epWmA7nadJE13LlGoqlut0hJWmf.jpg","Индонезия","5.872",1306525,"","2025-11-02 16:25:17.852339"
10,"Человек-бензопила. Фильм: История Резе",2025,100,"мультфильм, боевик, мелодрама, фэнтези","Тацуя Ёсихара","Хироси Сэко","Кикуносукэ Тоя, Рэина Уэда, Сиори Идзава, Томори Кусуноки, Сёго Саката","Дэндзи, который уже некоторое время работает в Бюро общественной безопасности, целыми днями только и думает о том, как стать ближе к Макиме — не только его начальнице, но и объекту его воздыханий. Дэндзи уверен в искренности своих чувств и даже не допускает мысли, что кто-то может затмить красоту и очарование его возлюбленной. По крайней мере, он так думал, пока не встретил Резе. Милая девушка, которая подрабатывает в кофейне, неожиданно заставила сердце Человека-бензопилы биться чаще. Но к добру ли это?","https://image.tmdb.org/t/p/w780/gqTz24ZRsCP6AKjARmEivY7m0cK.jpg","https://image.tmdb.org/t/p/w780/f4Bv4JWv85zHSisuq7SD2WeuJGr.jpg","Япония","8.234",1218925,"","2025-11-02 16:25:22.615163"
11,"Заклятие 4: Последний обряд",2025,135,"ужасы","Майкл Чавес","Джеймс Ван, Йен Б. Голдберг, Дэвид Лесли Джонсон","Вера Фармига, Патрик Уилсон, Миа Томлинсон, Бен Харди, Ребекка Колдер","Исследователи паранормальных явлений Эд и Лоррейн Уоррен берутся за самый тревожный случай в своей практике. Семья переезжает в новый дом своей мечты, но вскоре их жилище начинает проявлять признаки демонической активности, превращая жизнь в кошмар.","https://image.tmdb.org/t/p/w780/tcBX2dtkNozZ0uDLVaxXrE6rqyN.jpg","https://image.tmdb.org/t/p/w780/1DPYceqs7OuKgUD13vrPFZ2SYRd.jpg","Соединенные Штаты Америки","7",1038392,"Если вы вдруг на просторах сети наткнётесь на название «Заклятие: Последний обряд» в разделе «новинки», то будьте вовсю уверены, да, это то самое «Заклятие», первая часть которого появилась аж в 2013 году. Классные времена, согласитесь? 2013, 2016, 2021, 2025. Целых 12 лет эта франшиза держалась на плаву, зарабатывая в прокате вполне привлекательные суммы. Не забывайте, что есть множество спин-оффов с самыми жуткими персонажами Вселенной. Кстати, в четвертой части флагманского фильма, наверное, впервые в истории с Аннабель сделали кое-что необычное. Как известно, это всегда была просто кукла с жутким лицом, которая сидит и наводит шороху. Теперь интересно, как отреагируют зрители на связанное с ней так называемое ноу-хау.

Если первые две части, снятые лично Джеймсом Ваном, настоящие топчики, то третья часть от ремесленника Майкла Чавеса, мягко говоря, не удалась. Её даже пересматривать не хочется. Так что если у поклонников в СНГ есть определенные опасения касаемо этого постановщика, которому доверили снять вовсе финальное «Заклятие», то они могут оправдаться. Мужику там не позавидуешь, если честно. С одной стороны, он заложник всех тех опасений, сомнений и ожиданий зрителей, с другой же, как ему всё снять, чтобы не затеряться на фоне любимого миллионами Джеймса Вана. Ежу ведь понятно, от сравнения не убежать, третья часть «По воле дьявола» получилась так себе попыткой заявить о себе. Ну, раз дали ещё шанс, то можно и обсудить спокойно.

Что ж, сценаристы решили зарифмовать первую и четвёртую части. И там, и там две многодетные семьи, в которых исключительно девочки. Только во втором случае добавили бабушку и дедушку, чтобы хоть так отличаться. Главы семейства обычные работяги, которым нужно думать о том, где бы раздобыть денег для содержания такой оравы. Матери ответственны за порядок, чистоту и горячий ужин в больших домищах. А доченьки становятся основной мишенью для проделок нечистой силы. Вот только для четвёртой части авторы придумали таинственное и пугающее зеркало с трещинкой, поскольку с его появлением в доме начинает твориться чертовщина года. Оно ещё сыграет ключевую роль, но спойлером будет написать, каким образом.

Для хоррора у фильма довольно огромный хронометраж, поэтому стандартная встреча четы Уоррен с семейкой в проблеме состоится лишь через без малого полтора часа после начала. Заметно, что Майкл Чавес не торопится. Он неспешно показывает две основные сюжетные линии с двумя разными группами людей, чтобы придать необходимых эмоций там, где надо. По причине того, что перед нами прощание с Уорренами, больший акцент делается на них. Здесь режиссёр не тушуется и отлично рисует портрет супругов, которые пережили вместе столько всего, что захочешь сторониться их. Так ещё в атмосфере всяких демонов у них уже подросла дочь, которая обзавелась женихом с лицом Бена Харди. Так посмотреть, толку мало от него, но пусть.

Всё это, конечно, интересно и трогательно, поэтому будьте готовы, если вдруг хотите всякой жути, жести и скримеров, не надейтесь, что их будет предостаточно в первой половине фильма. А те, которые соизволят показать, ничего необычного, сразу всё поймете. Когда обе сюжетные линии соединятся, о второй семейке, которую терроризирует демон, можно забыть, родители и доченьки со стариками становятся фоном. Зато сцена с собачкой может ужаснуть, додумались ведь такое заснять и показать. Вся обуреваемая катавасия в крутом сюжете, в итоге, сводится исключительно к Уорренам, это их история, их конфликт, их драма. Как, почему, когда, с кем - всё узнаете во время просмотра плюс довольно продолжительный пролог вам в помощь там.

А когда дело доходит до эпилога, то в голову закрадывается такая мысль: это драматический хоррор с упором на драму. Если в предыдущих частях больше внимания уделялось персонажам, которых Уоррены должны были спасать, то теперь они сами примерили на себя эту роль. Им всем придётся столкнуться с той гранью, которая находится между внешними и внутренними демонами. Вопрос лишь в том: кто опаснее? В общем и целом, получилось неплохое «Заклятие», которое интересно смотреть, явно интереснее третьей части. Тепло попрощались с нашей любимой экранной парой в лице Патрика Уилсона и Веры Фармига, эпилог как красивая вишенка на торте. Ужасов, да, мало, но ждём, когда студии пригодятся деньги, позовут помочь Вана.

Кстати, если знаете, как выглядит Джеймс Ван, то он засветился в камео. | Не успел “Заклятие 4” выйти в широкий прокат, как не только отбил все затраты, но и обеспечил всю съемочную группу хлебом с маслом до конца их дней. Будет глупо отрицать, что франшиза, вышедшая из-под могучей руки Джеймса Вана, стала крупнейшим маркетинговым монстром со времен “Пятницы 13” и стабильно приносит авторам копеечку. Даже в тяжелые времена. Даже, прости господи, “Аннабель: Зарождение зла”. Но отбросим всякие побочные фильмы вроде откровенно скучной “Монахини” (в которой иронично почти нет монахини) и поговорим о скелете сей антологии. 

Первое “Заклятие” мне жесточайше понравилось. Оно не привносило ничего нового в жанр ужасов как таковой, и этим было прекрасно: только начиналась пора социальных хорроров, ознаменованная впоследствии первым Оскаром Джордана Пила, и привычный, традиционный ужастик “с пугалками” смотрелся, как ни странно, свежо. Впоследствии подобного вектора развития будут придерживаться и остальные фильмы серии, и именно это я считаю основой успеха даже самых неудачных представителей заклятого семейства. Среди Ари Астеров, Джорданов Пилов, Заков Креггеров (которых я бесконечно уважаю) клишированный старый-добрый пугальщик ощущается стаканом освежающего лимонада в жаркий летний день. 

Можно по-разному относиться к прототипам главных героев. Думаю, любой здравомыслящий человек понимает, что Эд и Лоррейн Уоррен - шарлатаны, которые с легкостью разводили легковерных людей. Впрочем, многие людишки и сами не прочь были “развестись”, потому что были охочи до славы и выгоды (почитайте реальную историю Амитивилля, например, вы удивитесь). Но справедливое возмущение тем, что создатели культивируют экстрасенсорику, нивелируется потрясающими Верой Фармигой и Патриком Уилсоном. С первого же кадра между ними проскакивает нехилая химия, и даже самые слабые фильмы серии держатся на их харизме. Неспроста они появляются в крошечных ролях даже в ответвлениях. Будем честны: и на “Заклятие 4” люди шли ради шебутной семейной парочки. Но есть нюанс: на мой взгляд, в финале (ха-ха) франшизы Уорренов ничтожно мало. Отчего-то на первый план выходит совсем иная героиня и ее невнятный обожатель, а наши любимые гостбастеры - не то что статисты, но вспомогательные персонажи. Сюжет строится вокруг престарелых охотников за нечистью и с грустью показывает неизбежное забвение в виде пустых лекционных аудиторий (вспомните аншлаг в 1-ой части) и грустную экскурсию по проклятому подвалу, которая раньше наводила жути, а нынче смотрится рассказом престарелого деда, который водит внуков по грядкам, хвастаясь выращенной редиской. Но тем не менее, для жирной точки в скелете франшизы этого недостаточно. Дочка Уорренов отнюдь не впечатляет, а третий акт фильма, в котором она верховодит, провисает. Сценаристы идут по проторенной дорожке, делая объектом нечисти семью (тут даже собака есть, зачем ломать то, что уже дважды сработало), но перескок на вторую сюжетную линию тормозит повествование и заставлять поскучать минут этак 15-20. 

По традиции, много времени отводится болтовне: герои переливают из пустого в порожнее и рефлексируют, но подобное растягивание хронометража вволю компенсируются недурными скримерами. В первом и втором акте множества пугалок ждать не стоит, а вот третий - снова традиционно - вываливает монстров как из рога изобилия. Причем разнообразные “бу”-эффекты сделаны бодро-душевно и даже нагоняют жути. Мой фаворит - отвратительно смеющийся мужик с топором. 

Но без раздражения не обошлось. Конечно, повторение - мать учения, но когда на экране в очередной раз появилась вездесущая Аннабель (это не спойлер), я устало вздохнула. Сколько можно культивировать образ куклы? Во-первых, это уже скучно и пресно. Во-вторых, совсем не нагоняет жути, потому что образ набил оскомину. Это все равно что каждый день есть овсянку на завтрак: рано или поздно захочется омлета. В-третьих, на общий сюжет кукла с косичками влияет примерно никак. Зато приятный сюрпризом оказался реверанс в виде персонажей из предыдущих частей, которых пустили под романтичную музыку. Если ни разу не видели, как выглядит Джеймс Ван, - велкоме, как говорится, он притопал вместе со своей женушкой и дочкой Беллы и Эдварда. Приятное камео. 

В целом я не удивлена феноменальному успеху франшизы. Люди готовы платить за то, чтобы их хорошенько испугали после тяжелого рабочего дня, а если страх приправляется добротной актерской игрой Фармиги и попавшего в рабство Вана бедняги Патрика Уилсона, - тем паче фильм успешен. Будет ли “Последний обряд” финалом франшизы? Пффф, пощадите мой животик, он сейчас надорвется от смеха. Я ни на йоту не поверила словам продюсеров о том, что история заканчивается эпилогом “Заклятия 4”. После невероятных кассовых сборов нас будет ждать множество ответвлений, приквелов, сиквелов, ребутов, интерквелов и прочих “квелов”. И не сомневайтесь, даже убогие, они тоже окупятся, потому что на ужасы у зрителя всегда деньги есть. Но тем не менее, в “финале” франшизы приятно поностальгировать и улыбнуться. | Уоррены постарели. У Эда сердце шалит Лорейн уже не соска (ну точнее Вера Фармига). Дочь у них есть - Джудит. 

Она переняла дар матери, но “нет той булатности” в ней. В общем за дела больше не берутся, катаются по стране показывают слайды, читают лекции. 

Но в Пенсильвании страдают Смерлы. Это не ругательство вроде - маглы, это фамилия и страдают они не из-за лютых американских налогов - призраки одолевают. Друг семьи Уорренов - священник пытается помочь, но не справляется и погибает. 

Дочь чувствует какую-то связь между смертью священника, призраками в доме и не смотря на предостережения матери мчится в Пенсильванию.

Предчувствия Джудит оказались верными. Призраки выбрались из старинного зеркала, которое как раз перед самым рождением дочери пытались очистить Уоррены и призраки обитавшие в нём зацепились за Урренов и ждали долгих двадцать лет, чтобы закончить начатое.

Ну не будем же спорить, что культовая франшиза? Пожалуй практически единственная, которая за годы сохранила свою зловещность и не пыталась в юмор или кровавый беспредел - из фильма в фильм отыгрывала в напряжение и атмосферу. Ну и призраков показывала. Они тут по традиции все похожи на Мэрилина Мэнсона. 

И может быть это только мне так кажется, но за эти годы фильм превратился из “ух ты снова сумели напугать, чем-то необычным” (то призраки, то дом, то кукла, то монахиня) во что-то… обычное.  Ну да… Удивить меня не получилось. Снова призраки, при этом как бы намекали, что за ними что-то другое, что-то зловещие, что даже Лорейн не может увидеть и… Это другое, так и не появилось. 

Но не подумайте, что фильм получился плохим. Как и прежде постановка хороша, напряжение есть, пугалки - скримеры расставлены уместно. Визуальный стиль остается верным традициям франшизы, но опять же новых решений не предлагает. 

Вера Фармига и Патрик Уилсон уже больше десяти лет в этих ролях и конечно они тут опять на высоте, а  вот новой  парочки  (которой видимо перехватить эстафету) также как в самом первом Заклятии Вере и Патрику с первых кадров захватить свой харизмой внимание на десятилетие не удалось. На них смотреть в продолжении как-то не хочется. Уж лучше бы младшая сестренка Веры - Таисса. Но она задействована в спиноффе про монахиню. 

Ну и что же в итоге. Неплохое завершение истории. Печально, что оно не стало фееричным. В некоторых моментах даже семейная драма взяла верх над хоррором с обязательным принятием своей силы в конце и это подпортило впечатление.  

Фильм оставляет смешанные чувства: с одной стороны, он не дотягивает до высот первых частей, с другой это все таки завершение истории Уорренов и надо бы отдать им дань уважения (только экранным персонажам, реальных я не воспринимаю). | Первое «Заклятие» было реально крепким хоррором, помню его до сих пор — атмосферное, напряжённое, с хорошей историей. Вторая часть тоже ещё держала уровень. Третью я не смотрел, но слышал, что она так себе, да и народ в целом её особо не оценил. Четвёртую же снял тот самый режиссёр, который в своё время сделал спин-офф про няню: фильм тогда собрал кучу денег, но был банальным и проходным. Вот здесь — ровно та же ситуация.

На этот раз Уоррены уже не охотятся за демонами. Они на пенсии, ездят по лекциям и вроде бы отошли от дел. Но по сюжету семье в беде очень нужна именно их помощь — и сценарий начинает притягивать за уши обстоятельства, лишь бы снова вытащить старых героев в центр событий.

Здесь появляется их дочь, которая тоже унаследовала «дар» и чувствует нечисть. Появляются знакомые по прошлым частям персонажи, которых демоны буквально вынуждают к самоубийственным поступкам, чтобы подтолкнуть Уорренов вмешаться. И постепенно становится ясно: теперь зло как будто охотится не на случайных людей, а целенаправленно на семью Уорренов.

На бумаге это выглядит как «логичный поворот», но на экране ощущается скорее как надуманная схема: «надо придумать причину, чтобы снова позвать Веру Фармигу и Патрика Уилсона».

Основная ставка — на скримеры и стандартные пугалки. Они построены по принципу «вот сейчас что-то выскочит» — и оно действительно выскакивает. Я несколько раз ловил себя на мысли: «Окей, знаю, сейчас будет пугалка». И она происходила ровно по расписанию.

Образы жутковатые, есть пара неприятных сцен, но глобально ничего нового. Фильм дразнит намёками, нагнетает атмосферу, но до настоящего неожиданного ужаса так и не доходит.

В итоге всё это смотрится скорее как драма о семье и старении. Главные герои уже не те молодые охотники за нечистью: Уилсон играет человека с проблемами сердца, Фармига постоянно видит видения и чудится всякое. Пару раз кажется, что с ними что-то вот-вот случится, но фильм только дразнит.

К финалу создаётся впечатление, что эта часть вообще не про демонов, а про «смену поколений». Уоррены постепенно отходят на второй план, а их дочь и её парень (бывший коп) получают больше экранного времени. Это словно намёк на то, кто в будущем продолжит франшизу.

Если честно, это странное ощущение. Ты идёшь на фильм ужасов, а в итоге смотришь семейную драму с элементами хоррора. Страшно не так уж часто, история не цепляет, и сюжета как такового почти нет. Есть лишь бытовые сцены, редкие пугалки и финальная попытка красиво «закрыть» историю Уорренов.

И как бы финал выглядит как закрытие истории, но деньги фильм собрал хорошие, так что студия явно ещё что-то придумает. Приквелы, спин-оффы, новые части — вариантов много. Может, и правда дождёмся кроссовера с «Форсажем»: семья Уорренов гоняет на Dodge Camaro и изгоняет демонов под NOS.

В сухом остатке: Заклятие 4 не впечатляет. Оно не предлагает ни действительно страшного хоррора, ни свежей истории. Скорее это просто дежурный фильм, который держится на узнаваемых героях. Для фанатов вселенной — один раз можно. Для остальных — легко пройти мимо. | Четвертый (и последний по утверждению создателей) фильм из серии 'Заклятие' окончательно трансформируется из хоррора про приведений в семейную драму главных героев. Не поймите меня неправильно, призраки тут тоже есть: после жанровых экспериментов в третьей части, четвёртая вновь возвращается к проверенному концепту - дому с приведениями, которые терзают очередную многодетную семью. Но основной сюжет всё же разворачивается вокруг супругов-демонологов Эда и Лорейн Уорренов и их повзрослевшей дочери Джуди, которая также приводит в дом своего жениха Тони. 

Оказывается, Лорейн, будучи беременной, во время очередных поисков паранормальной активности посмотрела в проклятое зеркало, из-за этого случились преждевременные роды и ребёнок родился мёртвым - только молитва матери смогла вернуть его к жизни. Но теперь дочь Лорейн Джуди всю жизнь преследуют ужасные видения, от которых она пытается защититься, произнося детскую считалочку, как научила её мать... Тем временем проклятое зеркало попадает в многодетную семью Смерл в качестве подарка одной из дочерей. Детям такой подарок не нравится, и они решают выкинуть зеркало, но это ещё больше злит духов, сидящих в нём - они начинают всячески мучить и изводить членов семьи. Эд и Лорейн по началу не хотят браться за это дело - они уже давно в отставке из-за ухудшающегося здоровья Эда, да и свадьба дочери уже на носу. Но трагическая цепь событий всё же приводит их к несчастной семье Смерлов и к зеркалу, с которого всё началось...

В этот раз нам показывают много спокойных бытовых сцен из жизни Уорренов: неоднозначную реакцию Эда и Лорейн на жениха Джуди Тони, проблемы со здоровьем у Эда, семейные праздники и семейную скорбь. И даже на новое дело члены семьи теперь выезжают все вместе - вчетвером. Учитывая то, что дочь Уорренов была во всех предыдущих фильмах, но появлялась каждый раз буквально на несколько сцен, её раскрытие в этой части кажется оправданным и давно ожидаемым. Через неё же в конечном итоге лучше раскрываются старые герои Эд и Лорейн: он - как довольно консервативный и строгий, но вместе с тем любящий отец семейства; она - как заботливая мать, наивно пытающаяся оградить дочь от любого зла в этом мире.

Основной хоррор-элемент фильма - зеркала и отраженные образы. Именно с проклятого зеркала начинается сюжет, оно же и является фактически главным антагонистом фильма. Призраки и демонические сущности также стали чаще являться героям именно в отражениях, что ощущается довольно свежим приёмом по сравнению с предыдущими фильмами серии, где пугали в основном скримерами из темноты. А главным лейтмотивом фильма соответственно стала необходимость посмотреть страху в глаза, вместо того, чтобы бесконечно от него убегать (или запирать его в отдельной комнате, как это делают Уоррены).

Думаю, что смещение акцента на семейную составляющую было удачным решением - фильмы 'Заклятия' никогда не были очень страшными, все их способы напугать были придуманы ещё 50 лет назад и вряд ли сегодня удивят искушённого зрителя. Но неоспоримым достоинством этих фильмов всегда были интересные главные герои и взаимодействие между ними, и здесь создатели выкрутили это взаимодействие на максимум, дав зрителям просто понаблюдать за обычной жизнью полюбившихся персонажей, параллельно углубляя их характеры за счёт взаимоотношений с дочерью и её женихом. Искренне надеюсь, что пятой части не будет - концовка получилась душевная, жизнеутверждающая и не особо подразумевающая какое-либо продолжение.

7 из 10","2025-11-02 16:25:25.410822"
12,"Джестер 2",2025,87,"ужасы, триллер, криминал","Колин Кравчук","Колин Кравчук","Майкл Шеффилд, Кейтлин Трентэм, Дингани Беза, Хассен Касем, Джессика Амбуэль","Когда юная фокусница Макс сталкивается с таинственным и жестоким Джестером в ночь Хэллоуина, её обычные трюки превращаются в смертельное испытание. Чтобы выжить, девушке придётся перехитрить сверхъестественного убийцу, чья магия пугающе реальна, а каждая иллюзия заканчивается кровью.  Фильм объединяет ужасы, мистику и элементы слэшера, создавая атмосферу кошмара, где грань между реальностью и иллюзией стирается. Зрителей ждёт напряжённая история о страхе, ловушках и опасной игре с тьмой.","https://image.tmdb.org/t/p/w780/yZtnGzfZER0QU7ZG4r4RaZAaXJH.jpg","https://image.tmdb.org/t/p/w780/47dsw1jSOV0Be5zmy7CtLhYpqU.jpg","Соединенные Штаты Америки","6.881",1519168,"","2025-11-02 16:25:28.112477"
13,"Три икса",2002,124,"боевик, приключения, триллер, криминал","Роб Коэн","Рич Уилкс","Вин Дизель, Азия Ардженто, Мартон Чокаш, Сэмюэл Л. Джексон, Майкл Руф","Ксандер Кэйдж - спортсмен-экстремал. Этот жестокий парень может сделать то, что не в силах выполнить другие люди. Именно поэтому он привлекает к себе внимание Управления национальной безопасности. Оснащенный самой современной шпионской техникой и оружием, Кэйдж должен просочиться в русские криминальные круги, находящиеся в Праге. Ничто не может помешать этому шпиону нового поколения ХХХ выполнить свою миссию, и никто не способен отвлечь его от задания. Никто, кроме таинственной девушки Елены...","https://image.tmdb.org/t/p/w780/qwK9soQmmJ7kRdjLZVXblw3g7AQ.jpg","https://image.tmdb.org/t/p/w780/2JhYyG66z3mEf0zorlnlc5MmJbJ.jpg","Соединенные Штаты Америки","5.964",7451,"“Ударишь ещё раз, крепко пожалеешь” – Ксандер Кэйдж.

Роб Коэн, режиссер может быть, не такой известный среди широкого круга зрителей, но тем не менее, зарекомендовавший себя, как человек, понимающий толк в киноискусстве  и постановке зрелищных и атмосферных картин в частности. Подарив поклонникам “Форсаж” и “Дневной свет”, Роб принялся за постановку ещё одного, ставшего уже отчасти классическим, боевика “xXx” с Вином Дизелем в главной роли.

Сюжет довольно прост и избит (и это пожалуй главный минус картины). Некая организация “Анархия 16” планирует распространить биологическое оружие “Тихая ночь” по всей Европе, и лишь новый герой современности Ксандер Кэйдж (Вин Дизель) способен остановить плохих ребят.

“Может назвать тебя Три Икса?” – Гиббонс.

Ксандер Кэйдж – звезда популярного шоу “Зона Ксандера”, транслируемое на подпольном сайте в Интернете, просто знаменитость среди экстремалов, потому что он один из тех, кто угоняет роскошную машину у сенатора ради красивого трюка. Ксандер не боится смерти, а вся его жизнь экстрим, и он не может без него жить. Ух, какой герой, о таких просто напросто делают видеоигры. Герой, не просто, как таковой, а в лучших традициях жанра, остряк и шутник по жизни, он очень умело и тонко обыгрывает каждую ситуацию, давая свои краткие и лаконичные комментарии по поводу всего происходящего. 

Необычный новый американский спецагент, в отличие от других, явный плохиш и засранец, не носящий смокингов и галстуков, но при всем при этом не теряющий обаяние и харизматичность. Одним словом самый необычный правительственный агент, у которого свои секретные штучки и приспособления от  универсального пистолета до необычной, напичканной всякой электроникой машины Понтиак GTO 1967.

“Сейчас будет офигительный трюк” - Ксандер Кэйдж.

Режиссера Роба Коэна всегда отличало умение очень четко и лаконично, но в тоже время тонко передать динамичность и зрелищность своих фильмов. Не лишена этого и его новая картина, пропитанная всевозможными экстремальными действиями, трюками и выдумками. Видно, что координаторы трюков постарались на славу, как и каскадеры, прекрасно воплотившие все задумки на экране. В качестве яркого примера можно привести начальный колумбийский вояж, где невероятные прыжки на мотоцикле на фоне взрывов, смотрятся просто неописуемо, хотя здесь надо отдать должное и режиссеру, который грамотно и в полном соответствии  с жанром выстраивает свои экшен сцены. То бишь один и тот же красивый трюк показывает несколько раз в замедленном действии с разных планов (излюбленная черта мастера жанра Джона Ву), а дабы тот же спуск с горы на сноуборде выглядел ещё более эффектным и экстремальным, запускает лавину.

Из таких, в общем-то, мелочей и выстраиваются коммерчески успешные и зрелищные картины, хотя обычное умение красиво и ярко подать экшен, дополненный потрясающим визуальным рядом, тоже надо учитывать, чего у знаменитого Роба Коэна не отнимешь, и доказывал он нам это уже не раз.

Плюсуя сюда немного тяжелый, но в тоже время динамичный саундтрек, добавляющий динамичности зрелищным сценам, мы получаем захватывающее и экстремальное кино, с ещё одним очень популярным и известным образом Ксандера Кэйджа в исполнении Вина Дизеля, наряду с Риддиком принесший некогда славу молодому актеру. Недаром Вин планирует вернуться к нему в самом ближайшем будущем.

Безусловный хит своего времени, характеризующийся тремя ключевым словами: драйв, экстрим и динамика.

Хитовое кино. | Фильм, начинающийся с живого концерта группы «Rammstein», априори быть плохим для меня не может. Пожалуй, это моё любимое камео в кинематографе за всю его историю, да и Тони Хоука было приятно увидеть, учитывая сюжет. Проблемы две: реализм и сюжет; за каждую придётся сбросить по баллу. Реализм здесь отсутствует как на уровне законов физики (например, бинокль делает реалистичное фото сквозь каменную стенку), так и на уровне банальной логики. С сюжетом всё чуть лучше; он, конечно, банален, примитивен и предсказуем, но идея-то оригинальная.

Теперь о том, почему, собственно, я скидываю всего два балла при таких вводных. Потому что это Вин Дизель, играющий роль оперативника с наклонностями экстремального спортсмена - это круто и на это приятно смотреть. Кроме того, главные антагонисты - бывшие русские военные, ставшие анархистами с уклонов в терроризм. Причём «русские» - это не просто слово, добавляющее изюминку для американских зрителей, как это бывает обычно. Здесь «русские» - это атмосфера русского угара девяностых годов, с алкоголизмом, маргинальными шлюхами и обилием русского мата, который звучит в оригинале на русском языке.

Режиссёрская версия фильма выходила только на DVD (в 2017-ом, вроде бы, было переиздание на BD, но до России оно пока не дошло), но между качеством картинки и качеством фильма следует выбирать второе, не пожалеете! Расширены здесь не только сцена стриптиза и голые проститутки, но и общение между главными героями, в т. ч. на русском языке. К слову, и перевод у режиссёрской версии лучше, чем дубляж, хотя бы и показательным моментом с названием группировки: оригинальная «Анархия 99» (в честь года ухода из российской армии), а не бессмысленная «Анархия 16».

8 из 10 | Знаете как бывает, подкидывают вам какую-нибудь проблемку для обсуждения, и кажется, что ты полностью поддерживаешь авторскую позицию. Но когда пытаешься подобрать аргументы, оправдывающие эту позицию, в голову начинает лезть куча аргументов против неё, и почти ни одного за.

Точно так же и с этим фильмом. Я его посмотрел дня четыре назад (точнее пересмотрел, и не первый раз). И вот помню, что в целом фильм понравился. Нет, он действительно неплох! Но пытаясь вспомнить, что же мне там понравилось, вспоминаются только минусы и всяческие промахи, которых было не мало!

Над моим окошком для написания текста висит одна коротенькая рецензия... В ней в трёх словах обобщено то, что говорится во многих других на этот фильм. Перечислено три составляющих фильма, которые для него являются большим плюсом:

1. Отличные Спецэффекты - полностью согласен! Особенно после просмотра фильма о создании фильма. Всё построено на принципе 'минимум компьютерной графики, максимум каскадёров'! То, что творилось на съемочной площадке под руководством Роба Коэна, просто невероятно! Но есть здесь большое НО! У меня сложилось такое ощущение, будто для получения большего эффекта от происходящих действий, все начинают сильно врать. Очень красиво и круто, когда мотоцикл летит над взрывающимся сараем... но каким образом он вдруг взорвался?? в него ведь не вкатили какую-нибудь бомбу, в него всего лишь немного постреляли. Ещё пример - 'Ксандер на сноуборде и лавина'... даже не знаю, стоит ли комментировать. Видимо сноуборд действительно быстрее чем снегоход. В этой сцене было всё настолько нереально - даже дух не захватило. Ах да, он потом ещё так эффектно на мачту запрыгнул )) Почему бы и нет! Таких моментов в фильме очень много, и все они построены на принципе 'Тут же видно и понятно, что такого произойти не может! - Ответ: Ну а мы притворимся, что может'. Идём дальше.

2. Драйв - ну как же без него! Он есть, и это плюс.

3. Убойный Саундтрек. Музыка действительно хороша и подобрана грамотно!

Большим плюсом картины является актёрская команда с Вином Дизелем во главе. Без него и его игры просто никак! Но тут же минусом являются вставляемые им глупые и нелепо-звучащие разные голливудские фразочки. Мне пришлось это заметить, потому что их было действительно очень много!

В сценарии также присутствуют различные сюжетные промахи. Многие действия персонажей не поддаются основам логики. К тому же, сильно чувствуется наигранность, все эти крутые и серьёзные диалоги кажутся смешными. Как-то всё оно примерно так.

Но фильм-то мне в итоге, как я сказал, понравился. А почему - не понимаю... Ну да, есть намёки на драму. Ну да, есть приятный лёгкий юмор. Ну да, есть крутые тачки, оружие, красивые девушки. Всё это Коэн умеет, и мы это прекрасно знаем. Но это в фильме не доминирует и поэтому забывается.

Вывод: После хорошего 'Форсажа' Роб Коэн подрасслабился и снял картину со слабым сюжетом, морем спецэффектов и нелепо-смешными диалогами. Но ведь мог лучше. Однозначно мог.

6 из 10

...и это ХОРОШАЯ ОЦЕНКА

P.S. Совсем забыл сказать про русский дубляж - он ужасен! Ради попадания 'под губы' допущено много ошибок, а в некоторых местах сами фразы и их смысл полностью меняются. Через десять минут после начала просмотра фильма я перешел на субтитры и в итоге остался довольным. | Фильм начинает захватывать с первых минут. Как только начинается поездка на угнанном Корветте, уже понимаешь, что фильм стоит смотреть. 

Вин Дизель отлично сыграл гонимого законом трюкача и плохиша. Его не могут убить ни армия, ни наркоторговцы, не 'липовые' грабители - он зол, зол на то что его лишили свободы его технично выполненных хулиганств и заставляют за это платить. Он знает всё, что поможет ему выжить где угодно.

Сам сюжет неоднозначен. Примеры:

- плохие сербы (!), опять же славяне, радикально настроенные;

- агентесса ФСБ, которую забыли (ну как всегда MEDVEDI-VODKA-MATRESHKI);

- непобедимый хороший злодей, как всегда 'жена моя - америка!' бла-бла-бла и т.п.;

- обыкновенный скромный техник, который в детстве был неравнодушен к набору 'юный механик' и может соорудить Бэтмобиль из простого Понтиака.

В целом, фильм отличен. Трюки - безупречнейшие. Сноуборд, езда на лодке с химическим оружием - это всё выглядит не тупо и банально, а особенно. Вот только за этот, чёрт подери, патриотизм в духе 'Сынок, спасай Америку' портит фильм.

9 из 10 | 'Три икса' - невероятный супербоевик нашего поколения. Было что-то в этом символическое, когда фильм вышел на экраны в 2002 году. Да и слоган фильма говорит сам за себя: 'Суперагент Третьего Тысячелетия'. Действительно, со временем уже надоедает смотреть на напыщенного, одетого с иголочки, все время такого вежливого Джеймса Бонда. 

'Три икса' в своем роде тоже про Джеймса Бонда: тайный агент, который должен остановить очередного психопата, вознамерившого поработить весь мир, который использует высокотехнологические штучки, и который, конечно же, влюбляется в девушку, тоже тайного агента. Что-то напоминает, не правда ли? Но здесь совершенно другой стиль. Чисто американский. Боже упаси, увидеть татуированного на две руки англичанина с горой мышц! 

Сам фильм дерзкий, абсолютно безбашенный, он заставляет как-то по-новому ощутить все изыски качественного боевика. Безусловно, на руку фильму сыграли просто головокружительные трюки (большинство которых исполнил Вин Дизель), приличные спецэффекты (хотя временами становилось смешно, смотря на такого рода эффекты), очень неплохие актеры (здесь, я думаю, дали разгуляться только Вину Дизелю и Мартону Чокашу, а Сэмюеля Л. Джексона было маловато, как и Азии Ардженто), ну и, конечно, саундтрек-лист (особенно классные - Orbital, Gavin Rossdale, Drowning Pool. Drowning Pool со своей вещью Bodies реально сносит башню, я, если честно, офигел!). 
          
Что касается Вина Дизеля, то парень справился. В 'Форсаже' он приготовился к прыжку на олимп, а в этом фильме уже оказался там. Честно, пока это, наверное, лучшая его роль, поскольку действительно чего-то стоящего в его актерском списке не найдется. Вин Дизель создал образ, которому наплевать на всякие там законы, правила, преграды. Если он захочет, то сделает. И не сказать, что Ксандер Кейдж - отьявленный мизантроп, судя по его реакции, когда убивали ученых. 

И, не смотря на его мускулы, парень не настолько туп, а весьма сообразительный. Стоит добавить также увлечение эктремальными видами спорта. Наверное, это классно - каждый раз чувствовать адреналин в крови. Нам, обычным людям, это недостижимо... В общем, Вин Дизель заслуживает всяческих похвал (я все никак не могу представить себе на его месте Эрика Бана, которому хотели предложить роль Ксандера Кейджа. При всем уважении, мистер Бана просто не подходит под героя).
          
Стоит отметить и Мартона Чокаша. Новозеландский актер не столь популярен в мире кино, но, смотря на его послужной список, нельзя не удивиться (справедливости ради нужно заметить, что роли у него были не  особо яркими). Сыграл он хорошо, и, думаю, как-то глупо сценаристы 'убили' его героя. Могли бы сделать какую-то реальную финальную схватку в конце, но оставим это на совести создателей.
          
Если не обращать пристального внимания к небольшим несостыковкам, то фильм можно посмотреть, и получить заряд положительных эмоции. В принципе, можно и посоветовать друзьям и знакомым. Смотрите и наслаждайтесь!
         
8 из 10","2025-11-02 16:25:33.031056"
